Ville;Email
Mairie - Ableiges;mairie.ableiges95@wanadoo.fr
Mairie - Aincourt;mairie.aincourt@orange.fr
Mairie - Ambleville;mairie@ville-ambleville.fr
Mairie - Amenucourt;mairie.amenucourt@wanadoo.fr
Mairie - Andilly;secretariat@mairie-andilly.fr
Mairie - Argenteuil;Email non trouvé
Mairie - Arnouville;sgeneral@arnouville95.org
Mairie - Arronville;arronville@wanadoo.fr
Mairie - Arthies;Email non trouvé
Mairie - Asnières-sur-Oise;mairie@aso95.fr
Mairie - Attainville;mairie@attainville.fr
Mairie - Auvers-sur-Oise;sec.gen@ville-auverssuroise.fr
Mairie - Avernes;mairie@avernes95.fr
Mairie - Baillet-en-France;info@baillet-en-france.fr
Mairie - Banthelu;mairie.banthelu@wanadoo.fr
Mairie - Beauchamp;etat-civil@ville-beauchamp.fr
Mairie - Beaumont-sur-Oise;accueil.mairie@beaumontsuroise.fr
Mairie - Bellefontaine;mairiesecretariat@bellefontaine.fr
Mairie - Belloy-en-France;mairie@belloy-en-france.fr
Mairie - Bernes-sur-Oise;mairie@bernes95.fr
